[{"model": "library.author", "pk": 1, "fields": {"firstname": "AYN", "lastname": "RAND"}}, {"model": "library.author", "pk": 2, "fields": {"firstname": "ERNEST", "lastname": "HEMINGWAY"}}, {"model": "library.author", "pk": 3, "fields": {"firstname": "JOAN", "lastname": "DIDION"}}, {"model": "library.author", "pk": 4, "fields": {"firstname": "RAY", "lastname": "BRADBURY"}}, {"model": "library.author", "pk": 5, "fields": {"firstname": "GEORGE", "lastname": "MARTIN"}}, {"model": "library.author", "pk": 6, "fields": {"firstname": "GILLIAN", "lastname": "FLYNN"}}, {"model": "library.author", "pk": 7, "fields": {"firstname": "VLADIMIR", "lastname": "NABOKOV"}}, {"model": "library.author", "pk": 8, "fields": {"firstname": "JANE", "lastname": "AUSTEN"}}, {"model": "library.author", "pk": 9, "fields": {"firstname": "MARK", "lastname": "TWAIN"}}, {"model": "library.author", "pk": 10, "fields": {"firstname": "MEG", "lastname": "WOLITZER"}}, {"model": "library.author", "pk": 11, "fields": {"firstname": "ERIK", "lastname": "LARSON"}}, {"model": "library.author", "pk": 12, "fields": {"firstname": "SCOTT", "lastname": "FITZGERALD"}}, {"model": "library.author", "pk": 13, "fields": {"firstname": "EDWIDGE", "lastname": "DANTICAT"}}, {"model": "library.author", "pk": 14, "fields": {"firstname": "SAMUEL", "lastname": "BECKETT"}}, {"model": "library.author", "pk": 15, "fields": {"firstname": "AMY", "lastname": "TAN"}}, {"model": "library.author", "pk": 16, "fields": {"firstname": "MAYA", "lastname": "ANGELOU"}}, {"model": "library.author", "pk": 17, "fields": {"firstname": "LYDIA", "lastname": "DAVIS"}}, {"model": "library.author", "pk": 18, "fields": {"firstname": "HENRY", "lastname": "MILLER"}}, {"model": "library.author", "pk": 19, "fields": {"firstname": "Gopinath", "lastname": "Mohanty"}}, {"model": "library.author", "pk": 20, "fields": {"firstname": "Han", "lastname": "Kang"}}, {"model": "library.author", "pk": 21, "fields": {"firstname": "Indira", "lastname": "Goswami"}}, {"model": "library.author", "pk": 22, "fields": {"firstname": "Indra", "lastname": "Das"}}, {"model": "library.author", "pk": 23, "fields": {"firstname": "Jaya", "lastname": "Dev"}}, {"model": "library.author", "pk": 24, "fields": {"firstname": "Kapil", "lastname": "Dev"}}, {"model": "library.author", "pk": 25, "fields": {"firstname": "Kiran", "lastname": "Desai"}}, {"model": "library.category", "pk": 1, "fields": {"name": "travel"}}, {"model": "library.category", "pk": 2, "fields": {"name": "science"}}, {"model": "library.category", "pk": 3, "fields": {"name": "math"}}, {"model": "library.category", "pk": 4, "fields": {"name": "drama"}}, {"model": "library.category", "pk": 5, "fields": {"name": "comics"}}, {"model": "library.category", "pk": 6, "fields": {"name": "fiction"}}, {"model": "library.category", "pk": 7, "fields": {"name": "poetry"}}, {"model": "library.category", "pk": 8, "fields": {"name": "art"}}, {"model": "library.category", "pk": 9, "fields": {"name": "cookbook"}}, {"model": "library.category", "pk": 10, "fields": {"name": "biography"}}, {"model": "library.category", "pk": 11, "fields": {"name": "education"}}, {"model": "library.book", "pk": 1, "fields": {"title": "Something Wicked This Way Comes", "isbn": "3456429650775", "description": "Lorem ipsum dolor sit amet, consectetur adipiscing elit, sed do eiusmod tempor incididunt ut labore et dolore magna aliqua. Odio morbi quis commodo odio aenean sed adipiscing diam. Sem et tortor consequat id porta nibh venenatis. Sapien pellentesque habitant", "price": 500, "total_quantity": 46, "quantity": 0, "status": "l", "author": [16], "category": [11]}}, {"model": "library.book", "pk": 2, "fields": {"title": "I Was Told There'd Be Cake", "isbn": "5463237880423", "description": "ris ultrices eros in cursus turpis. Orci dapibus ultrices in iaculis nunc. Ultricies lacus sed turpis tincidunt id aliquet. Sagittis nisl rhoncus mattis rhoncus urna neque viverra. Eu scelerisque felis imperdiet proin. Praesent tristique magna sit amet purus. In ornare quam viverra orci sagittis eu volutpat odio. Massa eget ege", "price": 250, "total_quantity": 10, "quantity": 5, "status": "a", "author": [14, 15], "category": [10]}}, {"model": "library.book", "pk": 3, "fields": {"title": "To Kill a Mockingbird", "isbn": "6567545335567", "description": "cula ipsum a arcu. Risus pretium quam vulputate dignissim suspendisse in est ante in. Parturient montes nascetur ridiculus mus mauris. Molestie ac feugiat sed lectus vestibulum mattis ullamcorper velit. Urna duis convallis convallis tellus id. Purus viverra accumsan in nisl nisi scelerisque eu. Nisl nunc mi ipsum faucibus. Tincidunt ornare massa eget egestas purus viverra accumsan in.", "price": 300, "total_quantity": 5, "quantity": 2, "status": "a", "author": [11], "category": [8]}}, {"model": "library.book", "pk": 4, "fields": {"title": "The Unbearable Lightness of Being", "isbn": "8756564535768", "description": "idunt ut labore et dolore magna aliqua. Ullamcorper sit amet risus nullam. Lobortis mattis aliquam faucibus purus in massa tempor nec. Enim tortor at auctor urna nunc id cursus metus aliquam. Commodo nulla facilisi nullam vehicula i", "price": 400, "total_quantity": 27, "quantity": 26, "status": "a", "author": [7], "category": [9]}}, {"model": "library.book", "pk": 5, "fields": {"title": "The Perks of Being a Wallflower", "isbn": "8787565232324", "description": "lis tellus id. Purus viverra accumsan in nisl nisi scelerisque eu. Nisl nunc mi ipsum faucibus. Tincidunt ornare massa eget egestas purus viverra accumsan in. Augue interdum velit euismod in pellentesque massa placerat. Varius morb", "price": 600, "total_quantity": 12, "quantity": 12, "status": "a", "author": [6], "category": [7]}}, {"model": "library.book", "pk": 6, "fields": {"title": "Where the Wild Things Are", "isbn": "2324356789867", "description": "llam vehicula ipsum a arcu. Risus pretium quam vulputate dignissim suspendisse in est ante in. Parturient montes nascetur ridiculus mus mauris. Molestie ac feugiat sed lectus vestibulum mattis ullamcorper velit. Urna duis convallis convallis", "price": 500, "total_quantity": 6, "quantity": 3, "status": "a", "author": [5], "category": [5]}}, {"model": "library.book", "pk": 7, "fields": {"title": "One Hundred Years of Solitude", "isbn": "4565436898865", "description": "Varius morbi enim nunc faucibus a pellentesque sit. Auctor eu augue ut lectus arcu bibendum. Mi sit amet mauris commodo quis imperdiet massa tincidunt nu", "price": 550, "total_quantity": 3, "quantity": 3, "status": "a", "author": [4], "category": [4]}}, {"model": "library.book", "pk": 8, "fields": {"title": "A Thousand Splendid Suns", "isbn": "3475468990753", "description": "Lorem ipsum dolor sit amet, consectetur adipiscing elit, sed do eiusmod tempor incididunt ut labore et dolore magna aliqua. Ullamcorper sit amet risus nullam. Lobortis mattis aliquam faucibus purus in massa tempor nec. Enim tortor at auctor urna nunc id cursus metus aliquam. Commodo nulla facilisi nullam vehicula i", "price": 600, "total_quantity": 3, "quantity": 3, "status": "a", "author": [3], "category": [3]}}, {"model": "library.book", "pk": 9, "fields": {"title": "A Clockwork Orange", "isbn": "8344257674545", "description": "ssa tincidunt nunc. Quisque sagittis purus sit amet volutpat consequat mauris nunc congue. Diam quam nulla porttitor massa id neque.", "price": 340, "total_quantity": 3, "quantity": 3, "status": "a", "author": [2], "category": [2]}}, {"model": "library.book", "pk": 10, "fields": {"title": "Their Eyes Were Watching God", "isbn": "2345656798974", "description": "m nulla pharetra diam sit amet. Enim ut sem viverra aliquet eget. Sapien et ligula ullamcorper malesuada. Ut pharetra sit amet aliquam id. Fringilla ut morbi tincidunt augue interdum velit euismod in. Faucibus scelerisque eleifend donec pretium v", "price": 360, "total_quantity": 3, "quantity": 3, "status": "a", "author": [1], "category": [1, 4]}}, {"model": "library.book", "pk": 11, "fields": {"title": "For Whom the Bell Tolls", "isbn": "3465773466880", "description": "justo laoreet. Odio facilisis mauris sit amet massa vitae. Semper viverra nam libero justo laoreet. Quisque sagittis purus sit amet volutpat consequat mauris nunc.", "price": 300, "total_quantity": 3, "quantity": 3, "status": "a", "author": [16], "category": [10]}}, {"model": "library.book", "pk": 12, "fields": {"title": "A Confederacy of Dunces", "isbn": "8676468954424", "description": "ulla pharetra diam sit amet. Enim ut sem viverra aliquet eget. Sapien et ligula ullamcorper malesuada. Ut pharetra sit amet aliquam id. Fringilla ut morbi tin", "price": 550, "total_quantity": 3, "quantity": 3, "status": "a", "author": [17], "category": [3]}}, {"model": "library.book", "pk": 13, "fields": {"title": "Love in the Time of Cholera", "isbn": "4570078446687", "description": "vestibulum morbi blandit cursus risus. Molestie at elementum eu facilisis sed odio morbi quis. Turpis massa tincidunt dui ut ornare. Massa tempor nec feugiat nisl p", "price": 540, "total_quantity": 3, "quantity": 3, "status": "a", "author": [19], "category": [4]}}, {"model": "library.book", "pk": 14, "fields": {"title": "No Country for Old Men", "isbn": "4079475978049", "description": "ar mattis nunc sed blandit. Dictumst quisque sagittis purus sit amet volutpat consequat mauris nunc. Id cursus metus aliquam eleifend mi in nulla posuere. N", "price": 760, "total_quantity": 3, "quantity": 3, "status": "a", "author": [20], "category": [2]}}, {"model": "library.book", "pk": 15, "fields": {"title": "The Sound and the Fury", "isbn": "2570789975687", "description": "morbi blandit cursus risus. Molestie at elementum eu facilisis sed odio morbi quis. Turpis massa tin", "price": 560, "total_quantity": 3, "quantity": 3, "status": "a", "author": [22], "category": [5]}}, {"model": "library.book", "pk": 16, "fields": {"title": "The Catcher in the Rye", "isbn": "8709057078865", "description": "ulla posuere. Nunc sed blandit libero volutpat sed cras ornare. Mauris vitae ultricies leo integer malesuada nunc.", "price": 700, "total_quantity": 3, "quantity": 3, "status": "a", "author": [23], "category": [7]}}, {"model": "library.book", "pk": 17, "fields": {"title": "Of Mice and Men", "isbn": "4509478578788", "description": "io morbi quis. Turpis massa tincidunt dui ut ornare. Massa tempor nec feugiat nisl pretium fusce id. Laoreet sit amet cursus sit amet dictum sit. Nibh cras pulvinar mattis n", "price": 660, "total_quantity": 3, "quantity": 3, "status": "a", "author": [25], "category": [2]}}, {"model": "library.book", "pk": 18, "fields": {"title": "I Capture the Castle", "isbn": "7809805776768", "description": "r incididunt ut labore et dolore magna aliqua. Tincidunt nunc pulvinar sapien et ligula. Mattis rhoncus urna neque viverra. Id neque aliquam vestibulum morb", "price": 770, "total_quantity": 3, "quantity": 2, "status": "a", "author": [19], "category": [6]}}, {"model": "library.book", "pk": 19, "fields": {"title": "Catch-22", "isbn": "6465700954433", "description": "pretium fusce id. Laoreet sit amet cursus sit amet dictum sit. Nibh cras pulvinar mattis nunc sed blandit. Dictumst quisque sagittis purus sit amet volutpat consequat mauris nunc. Id cursus metus aliquam eleifend mi in nulla posuere. Nunc sed blan", "price": 600, "total_quantity": 3, "quantity": 3, "status": "a", "author": [5], "category": [9]}}, {"model": "library.book", "pk": 20, "fields": {"title": "This Is Not a Novel", "isbn": "8909078722111", "description": "orbi blandit cursus risus. Molestie at elementum eu facilisis sed odio morbi quis. Turpis massa tincidunt dui ut ornare. Massa tempor nec feugiat nisl pretium fusce id. Laoreet sit amet cursus sit amet dictum sit. Nibh cras pulvinar mattis nu", "price": 500, "total_quantity": 3, "quantity": 3, "status": "a", "author": [7], "category": [4]}}, {"model": "library.book", "pk": 21, "fields": {"title": "boo", "isbn": "3433544545454", "description": "fbgfgfbgvbvcbfgbfg", "price": 788, "total_quantity": 5, "quantity": 5, "status": "a", "author": [2], "category": [2]}}, {"model": "library.book", "pk": 22, "fields": {"title": "moo", "isbn": "4545646576788", "description": "gfgfdgfgfgd", "price": 564, "total_quantity": 5, "quantity": 5, "status": "a", "author": [2], "category": [2]}}, {"model": "library.book", "pk": 23, "fields": {"title": "joo", "isbn": "2343546565565", "description": "fdfdgffgfgfdgdf", "price": 600, "total_quantity": 5, "quantity": 0, "status": "l", "author": [3], "category": [2]}}, {"model": "library.booklenddetail", "pk": 80, "fields": {"book": 1, "reader": 6, "request_date": "2018-12-22", "lent_date": "2018-12-22", "return_date": "2018-12-22", "close_date": "2018-12-23", "charge": 20, "status": "c"}}, {"model": "library.booklenddetail", "pk": 81, "fields": {"book": 2, "reader": 6, "request_date": "2018-12-22", "lent_date": "2018-12-22", "return_date": "2018-12-22", "close_date": "2018-12-23", "charge": 20, "status": "c"}}, {"model": "library.booklenddetail", "pk": 82, "fields": {"book": 3, "reader": 6, "request_date": "2018-12-16", "lent_date": "2018-12-18", "return_date": "2018-12-22", "close_date": null, "charge": 100, "status": "r"}}, {"model": "library.booklenddetail", "pk": 99, "fields": {"book": 4, "reader": 6, "request_date": "2018-12-22", "lent_date": "2018-12-23", "return_date": "2018-12-24", "close_date": "2018-12-25", "charge": 40, "status": "c"}}, {"model": "library.booklenddetail", "pk": 100, "fields": {"book": 9, "reader": 6, "request_date": "2018-12-22", "lent_date": "2018-12-22", "return_date": "2018-12-22", "close_date": "2018-12-23", "charge": 20, "status": "c"}}, {"model": "library.booklenddetail", "pk": 101, "fields": {"book": 10, "reader": 6, "request_date": "2018-12-22", "lent_date": "2018-12-22", "return_date": "2018-12-22", "close_date": "2018-12-25", "charge": 20, "status": "c"}}, {"model": "library.booklenddetail", "pk": 102, "fields": {"book": 11, "reader": 6, "request_date": "2018-12-22", "lent_date": null, "return_date": null, "close_date": "2018-12-23", "charge": 0, "status": "n"}}, {"model": "library.booklenddetail", "pk": 103, "fields": {"book": 12, "reader": 6, "request_date": "2018-12-22", "lent_date": "2018-12-22", "return_date": "2018-12-22", "close_date": "2018-12-23", "charge": 20, "status": "c"}}, {"model": "library.booklenddetail", "pk": 104, "fields": {"book": 17, "reader": 6, "request_date": "2018-12-22", "lent_date": "2018-12-23", "return_date": "2018-12-23", "close_date": "2018-12-23", "charge": 20, "status": "c"}}, {"model": "library.booklenddetail", "pk": 106, "fields": {"book": 19, "reader": 6, "request_date": "2018-12-22", "lent_date": null, "return_date": null, "close_date": "2018-12-23", "charge": 0, "status": "n"}}, {"model": "library.booklenddetail", "pk": 107, "fields": {"book": 20, "reader": 6, "request_date": "2018-12-22", "lent_date": "2018-12-22", "return_date": "2018-12-22", "close_date": "2018-12-23", "charge": 20, "status": "c"}}, {"model": "library.booklenddetail", "pk": 108, "fields": {"book": 14, "reader": 6, "request_date": "2018-12-22", "lent_date": "2018-12-22", "return_date": "2018-12-22", "close_date": null, "charge": 20, "status": "r"}}, {"model": "library.booklenddetail", "pk": 110, "fields": {"book": 15, "reader": 6, "request_date": "2018-12-22", "lent_date": "2018-12-22", "return_date": "2018-12-22", "close_date": null, "charge": 20, "status": "r"}}, {"model": "library.booklenddetail", "pk": 112, "fields": {"book": 2, "reader": 6, "request_date": null, "lent_date": "2018-12-23", "return_date": "2018-12-24", "close_date": null, "charge": 40, "status": "r"}}, {"model": "library.booklenddetail", "pk": 113, "fields": {"book": 23, "reader": 6, "request_date": null, "lent_date": "2018-12-23", "return_date": "2018-12-24", "close_date": "2018-12-25", "charge": 40, "status": "c"}}, {"model": "library.booklenddetail", "pk": 114, "fields": {"book": 2, "reader": 6, "request_date": null, "lent_date": "2018-12-23", "return_date": null, "close_date": null, "charge": 0, "status": "l"}}, {"model": "library.booklenddetail", "pk": 115, "fields": {"book": 3, "reader": 6, "request_date": null, "lent_date": "2018-12-23", "return_date": null, "close_date": null, "charge": 0, "status": "l"}}, {"model": "library.booklenddetail", "pk": 116, "fields": {"book": 4, "reader": 6, "request_date": null, "lent_date": "2018-12-23", "return_date": null, "close_date": null, "charge": 0, "status": "l"}}, {"model": "library.booklenddetail", "pk": 121, "fields": {"book": 12, "reader": 6, "request_date": "2018-12-24", "lent_date": "2018-12-25", "return_date": null, "close_date": null, "charge": 0, "status": "l"}}, {"model": "library.booklenddetail", "pk": 122, "fields": {"book": 2, "reader": 6, "request_date": null, "lent_date": "2018-12-24", "return_date": null, "close_date": null, "charge": 0, "status": "l"}}, {"model": "library.booklenddetail", "pk": 124, "fields": {"book": 7, "reader": 6, "request_date": "2018-12-24", "lent_date": null, "return_date": null, "close_date": null, "charge": 0, "status": "p"}}, {"model": "library.booklenddetail", "pk": 125, "fields": {"book": 8, "reader": 6, "request_date": "2018-12-24", "lent_date": "2018-12-25", "return_date": null, "close_date": null, "charge": 0, "status": "l"}}, {"model": "library.booklenddetail", "pk": 126, "fields": {"book": 5, "reader": 6, "request_date": "2018-12-24", "lent_date": null, "return_date": null, "close_date": null, "charge": 0, "status": "p"}}]